Study No.,Study,Organism,Biocontrol Agent,Experimental Condition,SRA Accession,Control/Sample,BCA Type
1,Fungal cross-talk: an integrated approach to study distance communication,Fusarium graminearum,Trichoderma gamsii,Self-interaction R1,SRR12388994,Control,Fungal
1,Fungal cross-talk: an integrated approach to study distance communication,Fusarium graminearum,Trichoderma gamsii,Self-interaction R2,SRR12388993,Control,Fungal
1,Fungal cross-talk: an integrated approach to study distance communication,Fusarium graminearum,Trichoderma gamsii,Self-interaction R3,SRR12389003,Control,Fungal
1,Fungal cross-talk: an integrated approach to study distance communication,Fusarium graminearum,Trichoderma gamsii,Non-self interaction R1,SRR12388998,Sample,Fungal
1,Fungal cross-talk: an integrated approach to study distance communication,Fusarium graminearum,Trichoderma gamsii,Non-self interaction R2,SRR12389000,Sample,Fungal
1,Fungal cross-talk: an integrated approach to study distance communication,Fusarium graminearum,Trichoderma gamsii,Non-self interaction R3,SRR12388996,Sample,Fungal
2,Trichoderma atroviride suppresses Fusarium graminearum by altering primary and secondary metabolite biosynthesis profiling,Fusarium graminearum,Trichoderma atroviride,Sub-1,SRR24463428,Sample,Fungal
2,Trichoderma atroviride suppresses Fusarium graminearum by altering primary and secondary metabolite biosynthesis profiling,Fusarium graminearum,Trichoderma atroviride,Sub-2,SRR24463427,Sample,Fungal
2,Trichoderma atroviride suppresses Fusarium graminearum by altering primary and secondary metabolite biosynthesis profiling,Fusarium graminearum,Trichoderma atroviride,Control-1,SRR24463430,Control,Fungal
2,Trichoderma atroviride suppresses Fusarium graminearum by altering primary and secondary metabolite biosynthesis profiling,Fusarium graminearum,Trichoderma atroviride,Control-2,SRR24463429,Control,Fungal
3,"Dual RNA-Seq analysis unveils the multifaceted mechanisms of Trichoderma hamatum in the biological control of Fusarium graminearum, the causal agent of wheat fusarium head blight",Fusarium graminearum,Trichoderma hamatum,Control 1,SRR35931051,Control,Fungal
3,"Dual RNA-Seq analysis unveils the multifaceted mechanisms of Trichoderma hamatum in the biological control of Fusarium graminearum, the causal agent of wheat fusarium head blight",Fusarium graminearum,Trichoderma hamatum,Control 2,SRR35931052,Control,Fungal
3,"Dual RNA-Seq analysis unveils the multifaceted mechanisms of Trichoderma hamatum in the biological control of Fusarium graminearum, the causal agent of wheat fusarium head blight",Fusarium graminearum,Trichoderma hamatum,Control 3,SRR35931053,Control,Fungal
3,"Dual RNA-Seq analysis unveils the multifaceted mechanisms of Trichoderma hamatum in the biological control of Fusarium graminearum, the causal agent of wheat fusarium head blight",Fusarium graminearum,Trichoderma hamatum,Treatment 1,SRR35931048,Sample,Fungal
3,"Dual RNA-Seq analysis unveils the multifaceted mechanisms of Trichoderma hamatum in the biological control of Fusarium graminearum, the causal agent of wheat fusarium head blight",Fusarium graminearum,Trichoderma hamatum,Treatment 2,SRR35931049,Sample,Fungal
3,"Dual RNA-Seq analysis unveils the multifaceted mechanisms of Trichoderma hamatum in the biological control of Fusarium graminearum, the causal agent of wheat fusarium head blight",Fusarium graminearum,Trichoderma hamatum,Treatment 3,SRR35931057,Sample,Fungal
4,"Genome, transcriptome and secretome analyses of the antagonistic, yeast-like fungus Aureobasidium pullulans to identify potential biocontrol genes",F. oxysporum f. sp. radicis-lycopersici,Aureobasidium pullulans,Control B3.1,SRR13836226,Control,Fungal
4,"Genome, transcriptome and secretome analyses of the antagonistic, yeast-like fungus Aureobasidium pullulans to identify potential biocontrol genes",F. oxysporum f. sp. radicis-lycopersici,Aureobasidium pullulans,Control B3.2,SRR13836225,Control,Fungal
4,"Genome, transcriptome and secretome analyses of the antagonistic, yeast-like fungus Aureobasidium pullulans to identify potential biocontrol genes",F. oxysporum f. sp. radicis-lycopersici,Aureobasidium pullulans,Control B3.3,SRR13836224,Control,Fungal
4,"Genome, transcriptome and secretome analyses of the antagonistic, yeast-like fungus Aureobasidium pullulans to identify potential biocontrol genes",F. oxysporum f. sp. radicis-lycopersici,Aureobasidium pullulans,Treatment B1.1,SRR13836232,Sample,Fungal
4,"Genome, transcriptome and secretome analyses of the antagonistic, yeast-like fungus Aureobasidium pullulans to identify potential biocontrol genes",F. oxysporum f. sp. radicis-lycopersici,Aureobasidium pullulans,Treatment B1.2,SRR13836231,Sample,Fungal
4,"Genome, transcriptome and secretome analyses of the antagonistic, yeast-like fungus Aureobasidium pullulans to identify potential biocontrol genes",F. oxysporum f. sp. radicis-lycopersici,Aureobasidium pullulans,Treatment B1.3,SRR13836230,Sample,Fungal
5,"Comparative Transcriptome Analysis Unravels the Response Mechanisms of Fusarium oxysporum f.sp. cubense to a Biocontrol Agent, Pseudomonas aeruginosa Gxun-2",Fusarium oxysporum,Pseudomonas aeruginosa,Treatment 1,SRR22271592,Sample,Bacterial
5,"Comparative Transcriptome Analysis Unravels the Response Mechanisms of Fusarium oxysporum f.sp. cubense to a Biocontrol Agent, Pseudomonas aeruginosa Gxun-2",Fusarium oxysporum,Pseudomonas aeruginosa,Treatment 2,SRR22271591,Sample,Bacterial
5,"Comparative Transcriptome Analysis Unravels the Response Mechanisms of Fusarium oxysporum f.sp. cubense to a Biocontrol Agent, Pseudomonas aeruginosa Gxun-2",Fusarium oxysporum,Pseudomonas aeruginosa,Treatment 3,SRR22271590,Sample,Bacterial
5,"Comparative Transcriptome Analysis Unravels the Response Mechanisms of Fusarium oxysporum f.sp. cubense to a Biocontrol Agent, Pseudomonas aeruginosa Gxun-2",Fusarium oxysporum,Pseudomonas aeruginosa,Control 1,SRR22271595,Control,Bacterial
5,"Comparative Transcriptome Analysis Unravels the Response Mechanisms of Fusarium oxysporum f.sp. cubense to a Biocontrol Agent, Pseudomonas aeruginosa Gxun-2",Fusarium oxysporum,Pseudomonas aeruginosa,Control 2,SRR22271594,Control,Bacterial
5,"Comparative Transcriptome Analysis Unravels the Response Mechanisms of Fusarium oxysporum f.sp. cubense to a Biocontrol Agent, Pseudomonas aeruginosa Gxun-2",Fusarium oxysporum,Pseudomonas aeruginosa,Control 3,SRR22271593,Control,Bacterial
6,Response of Fusarium pseudograminearum to Biocontrol Agent Bacillus velezensis YB-185 by Phenotypic and Transcriptome Analysis,Fusarium pseudograminearum,Bacillus velezensis,Control 1 (FPS-1 C1_16h),SRR16706426,Control,Bacterial
6,Response of Fusarium pseudograminearum to Biocontrol Agent Bacillus velezensis YB-185 by Phenotypic and Transcriptome Analysis,Fusarium pseudograminearum,Bacillus velezensis,Control 2 (FPS-2 C2_16h),SRR16706425,Control,Bacterial
6,Response of Fusarium pseudograminearum to Biocontrol Agent Bacillus velezensis YB-185 by Phenotypic and Transcriptome Analysis,Fusarium pseudograminearum,Bacillus velezensis,Control 3 (FPS-3 C3_16h),SRR16706422,Control,Bacterial
6,Response of Fusarium pseudograminearum to Biocontrol Agent Bacillus velezensis YB-185 by Phenotypic and Transcriptome Analysis,Fusarium pseudograminearum,Bacillus velezensis,Treatment 1 (FPS-4 T1_16h),SRR16706421,Sample,Bacterial
6,Response of Fusarium pseudograminearum to Biocontrol Agent Bacillus velezensis YB-185 by Phenotypic and Transcriptome Analysis,Fusarium pseudograminearum,Bacillus velezensis,Treatment 2 (FPS-5 T2_16h),SRR16706420,Sample,Bacterial
6,Response of Fusarium pseudograminearum to Biocontrol Agent Bacillus velezensis YB-185 by Phenotypic and Transcriptome Analysis,Fusarium pseudograminearum,Bacillus velezensis,Treatment 3 (FPS-6 T3_16h),SRR16706419,Sample,Bacterial
7,Bacillus subtilis HSY21 can reduce soybean root rot and inhibit the expression of genes related to the pathogenicity of Fusarium oxysporum,Fusarium oxysporum f. sp. lycopersici,Bacillus subtilis HSY21 ,72h,SRR21655626,Sample,Bacterial
7,Bacillus subtilis HSY21 can reduce soybean root rot and inhibit the expression of genes related to the pathogenicity of Fusarium oxysporum,Fusarium oxysporum f. sp. lycopersici,Bacillus subtilis HSY21 ,72h,SRR21655627,Sample,Bacterial
7,Bacillus subtilis HSY21 can reduce soybean root rot and inhibit the expression of genes related to the pathogenicity of Fusarium oxysporum,Fusarium oxysporum f. sp. lycopersici,Bacillus subtilis HSY21 ,72h,SRR21655628,Sample,Bacterial
7,Bacillus subtilis HSY21 can reduce soybean root rot and inhibit the expression of genes related to the pathogenicity of Fusarium oxysporum,Fusarium oxysporum f. sp. lycopersici,Bacillus subtilis HSY21 ,48h,SRR21655629,Sample,Bacterial
7,Bacillus subtilis HSY21 can reduce soybean root rot and inhibit the expression of genes related to the pathogenicity of Fusarium oxysporum,Fusarium oxysporum f. sp. lycopersici,Bacillus subtilis HSY21 ,48h,SRR21655630,Sample,Bacterial
7,Bacillus subtilis HSY21 can reduce soybean root rot and inhibit the expression of genes related to the pathogenicity of Fusarium oxysporum,Fusarium oxysporum f. sp. lycopersici,Bacillus subtilis HSY21 ,48h,SRR21655631,Sample,Bacterial
7,Bacillus subtilis HSY21 can reduce soybean root rot and inhibit the expression of genes related to the pathogenicity of Fusarium oxysporum,Fusarium oxysporum f. sp. lycopersici,Bacillus subtilis HSY21 ,C1,SRR21655632,Control,Bacterial
7,Bacillus subtilis HSY21 can reduce soybean root rot and inhibit the expression of genes related to the pathogenicity of Fusarium oxysporum,Fusarium oxysporum f. sp. lycopersici,Bacillus subtilis HSY21 ,C2,SRR21655633,Control,Bacterial
7,Bacillus subtilis HSY21 can reduce soybean root rot and inhibit the expression of genes related to the pathogenicity of Fusarium oxysporum,Fusarium oxysporum f. sp. lycopersici,Bacillus subtilis HSY21 ,C3,SRR21655634,Control,Bacterial
8,Membrane disruption of Fusarium oxysporum f. sp. niveum induced by myriocin from Bacillus amyloliquefaciens LZN01,Fusarium oxysporum f. sp. niveum,Bacillus amyloliquefaciens LZN01,FON alone (Control group),SRR12118728,Control,Bacterial
8,Membrane disruption of Fusarium oxysporum f. sp. niveum induced by myriocin from Bacillus amyloliquefaciens LZN01,Fusarium oxysporum f. sp. niveum,Bacillus amyloliquefaciens LZN01,FON alone (Control group),SRR12118729,Control,Bacterial
8,Membrane disruption of Fusarium oxysporum f. sp. niveum induced by myriocin from Bacillus amyloliquefaciens LZN01,Fusarium oxysporum f. sp. niveum,Bacillus amyloliquefaciens LZN01,FON alone (Control group),SRR12118730,Control,Bacterial
8,Membrane disruption of Fusarium oxysporum f. sp. niveum induced by myriocin from Bacillus amyloliquefaciens LZN01,Fusarium oxysporum f. sp. niveum,Bacillus amyloliquefaciens LZN01,Myriocin-treated,SRR12118731,Sample,Bacterial
8,Membrane disruption of Fusarium oxysporum f. sp. niveum induced by myriocin from Bacillus amyloliquefaciens LZN01,Fusarium oxysporum f. sp. niveum,Bacillus amyloliquefaciens LZN01,Myriocin-treated,SRR12118732,Sample,Bacterial
8,Membrane disruption of Fusarium oxysporum f. sp. niveum induced by myriocin from Bacillus amyloliquefaciens LZN01,Fusarium oxysporum f. sp. niveum,Bacillus amyloliquefaciens LZN01,Myriocin-treated,SRR12118733,Sample,Bacterial
8,Membrane disruption of Fusarium oxysporum f. sp. niveum induced by myriocin from Bacillus amyloliquefaciens LZN01,Fusarium oxysporum f. sp. niveum,Bacillus amyloliquefaciens LZN01,Myriocin-treated,SRR12118734,Sample,Bacterial
8,Membrane disruption of Fusarium oxysporum f. sp. niveum induced by myriocin from Bacillus amyloliquefaciens LZN01,Fusarium oxysporum f. sp. niveum,Bacillus amyloliquefaciens LZN01,Myriocin-treated,SRR12118735,Sample,Bacterial
8,Membrane disruption of Fusarium oxysporum f. sp. niveum induced by myriocin from Bacillus amyloliquefaciens LZN01,Fusarium oxysporum f. sp. niveum,Bacillus amyloliquefaciens LZN01,Myriocin-treated,SRR12118736,Sample,Bacterial
